<application>
  <component name="ProjectJdkTable">
    <jdk version="2">
      <name value="Python 3.7" />
      <type value="Python SDK" />
      <version value="Python 3.7.3" />
      <homePath value="/usr/local/bin/python3.7" />
      <roots>
        <classPath>
          <root type="composite">
            <root url="file:///usr/local/Cellar/python/3.7.3/Frameworks/Python.framework/Versions/3.7/lib/python3.7" type="simple" />
            <root url="file:///usr/local/Cellar/python/3.7.3/Frameworks/Python.framework/Versions/3.7/lib/python3.7/lib-dynload" type="simple" />
            <root url="file:///usr/local/lib/python3.7/site-packages" type="simple" />
            <root url="file://$USER_HOME$/Library/Caches/PyCharmCE2019.1/python_stubs/-1199943126" type="simple" />
            <root url="file://$APPLICATION_HOME_DIR$/helpers/python-skeletons" type="simple" />
            <root url="file://$APPLICATION_HOME_DIR$/helpers/typeshed/stdlib/3" type="simple" />
            <root url="file://$APPLICATION_HOME_DIR$/helpers/typeshed/stdlib/2and3" type="simple" />
            <root url="file://$APPLICATION_HOME_DIR$/helpers/typeshed/third_party/3" type="simple" />
            <root url="file://$APPLICATION_HOME_DIR$/helpers/typeshed/third_party/2and3" type="simple" />
          </root>
        </classPath>
        <sourcePath>
          <root type="composite" />
        </sourcePath>
      </roots>
      <additional />
    </jdk>
    <jdk version="2">
      <name value="Pipenv (fisher_flask)" />
      <type value="Python SDK" />
      <version value="Python 3.7.0" />
      <homePath value="$USER_HOME$/.local/share/virtualenvs/fisher_flask-vHZhT-XY/bin/python" />
      <roots>
        <classPath>
          <root type="composite">
            <root url="file://$USER_HOME$/.local/share/virtualenvs/fisher_flask-vHZhT-XY/lib/python3.7" type="simple" />
            <root url="file://$USER_HOME$/.local/share/virtualenvs/fisher_flask-vHZhT-XY/lib/python3.7/lib-dynload" type="simple" />
            <root url="file://$USER_HOME$/.pyenv/versions/3.7.0/lib/python3.7" type="simple" />
            <root url="file://$USER_HOME$/.local/share/virtualenvs/fisher_flask-vHZhT-XY/lib/python3.7/site-packages" type="simple" />
            <root url="file://$USER_HOME$/Library/Caches/PyCharmCE2019.1/python_stubs/-97315953" type="simple" />
            <root url="file://$APPLICATION_HOME_DIR$/helpers/python-skeletons" type="simple" />
            <root url="file://$APPLICATION_HOME_DIR$/helpers/typeshed/stdlib/3" type="simple" />
            <root url="file://$APPLICATION_HOME_DIR$/helpers/typeshed/stdlib/2and3" type="simple" />
            <root url="file://$APPLICATION_HOME_DIR$/helpers/typeshed/third_party/3" type="simple" />
            <root url="file://$APPLICATION_HOME_DIR$/helpers/typeshed/third_party/2and3" type="simple" />
          </root>
        </classPath>
        <sourcePath>
          <root type="composite" />
        </sourcePath>
      </roots>
      <additional ASSOCIATED_PROJECT_PATH="$USER_HOME$/coding/python/python3/fisher_flask" IS_PIPENV="true" />
    </jdk>
    <jdk version="2">
      <name value="Pipenv (python-YushuBook)" />
      <type value="Python SDK" />
      <version value="Python 3.7.0" />
      <homePath value="$USER_HOME$/.local/share/virtualenvs/python-YushuBook-YbhPzvaP/bin/python" />
      <roots>
        <classPath>
          <root type="composite">
            <root url="file://$USER_HOME$/.local/share/virtualenvs/python-YushuBook-YbhPzvaP/lib/python3.7" type="simple" />
            <root url="file://$USER_HOME$/.local/share/virtualenvs/python-YushuBook-YbhPzvaP/lib/python3.7/lib-dynload" type="simple" />
            <root url="file://$USER_HOME$/.pyenv/versions/3.7.0/lib/python3.7" type="simple" />
            <root url="file://$USER_HOME$/.local/share/virtualenvs/python-YushuBook-YbhPzvaP/lib/python3.7/site-packages" type="simple" />
            <root url="file://$USER_HOME$/Library/Caches/PyCharmCE2019.1/python_stubs/2095941072" type="simple" />
            <root url="file://$APPLICATION_HOME_DIR$/helpers/python-skeletons" type="simple" />
            <root url="file://$APPLICATION_HOME_DIR$/helpers/typeshed/stdlib/3" type="simple" />
            <root url="file://$APPLICATION_HOME_DIR$/helpers/typeshed/stdlib/2and3" type="simple" />
            <root url="file://$APPLICATION_HOME_DIR$/helpers/typeshed/third_party/3" type="simple" />
            <root url="file://$APPLICATION_HOME_DIR$/helpers/typeshed/third_party/2and3" type="simple" />
          </root>
        </classPath>
        <sourcePath>
          <root type="composite" />
        </sourcePath>
      </roots>
      <additional ASSOCIATED_PROJECT_PATH="$USER_HOME$/coding/python/python3/python-YushuBook" IS_PIPENV="true" />
    </jdk>
    <jdk version="2">
      <name value="Pipenv (ginger)" />
      <type value="Python SDK" />
      <version value="Python 3.7.3" />
      <homePath value="$USER_HOME$/.local/share/virtualenvs/ginger-5_x6U5kB/bin/python" />
      <roots>
        <classPath>
          <root type="composite">
            <root url="file://$USER_HOME$/.local/share/virtualenvs/ginger-5_x6U5kB/lib/python3.7" type="simple" />
            <root url="file://$USER_HOME$/.local/share/virtualenvs/ginger-5_x6U5kB/lib/python3.7/lib-dynload" type="simple" />
            <root url="file:///usr/local/Cellar/python/3.7.3/Frameworks/Python.framework/Versions/3.7/lib/python3.7" type="simple" />
            <root url="file://$USER_HOME$/.local/share/virtualenvs/ginger-5_x6U5kB/lib/python3.7/site-packages" type="simple" />
            <root url="file://$USER_HOME$/Library/Caches/PyCharmCE2019.1/python_stubs/-933274119" type="simple" />
            <root url="file://$APPLICATION_HOME_DIR$/helpers/python-skeletons" type="simple" />
            <root url="file://$APPLICATION_HOME_DIR$/helpers/typeshed/stdlib/3" type="simple" />
            <root url="file://$APPLICATION_HOME_DIR$/helpers/typeshed/stdlib/2and3" type="simple" />
            <root url="file://$APPLICATION_HOME_DIR$/helpers/typeshed/third_party/3" type="simple" />
            <root url="file://$APPLICATION_HOME_DIR$/helpers/typeshed/third_party/2and3" type="simple" />
          </root>
        </classPath>
        <sourcePath>
          <root type="composite" />
        </sourcePath>
      </roots>
      <additional ASSOCIATED_PROJECT_PATH="$USER_HOME$/coding/python/python3/ginger" IS_PIPENV="true" />
    </jdk>
    <jdk version="2">
      <name value="Pipenv (hello_flask)" />
      <type value="Python SDK" />
      <version value="Python 3.7.3" />
      <homePath value="$USER_HOME$/.local/share/virtualenvs/hello_flask-JqTnQtT9/bin/python" />
      <roots>
        <classPath>
          <root type="composite">
            <root url="file://$USER_HOME$/.local/share/virtualenvs/hello_flask-JqTnQtT9/lib/python3.7" type="simple" />
            <root url="file://$USER_HOME$/.local/share/virtualenvs/hello_flask-JqTnQtT9/lib/python3.7/lib-dynload" type="simple" />
            <root url="file:///usr/local/Cellar/python/3.7.3/Frameworks/Python.framework/Versions/3.7/lib/python3.7" type="simple" />
            <root url="file://$USER_HOME$/.local/share/virtualenvs/hello_flask-JqTnQtT9/lib/python3.7/site-packages" type="simple" />
            <root url="file://$USER_HOME$/Library/Caches/PyCharmCE2019.1/python_stubs/264706105" type="simple" />
            <root url="file://$APPLICATION_HOME_DIR$/helpers/python-skeletons" type="simple" />
            <root url="file://$APPLICATION_HOME_DIR$/helpers/typeshed/stdlib/3" type="simple" />
            <root url="file://$APPLICATION_HOME_DIR$/helpers/typeshed/stdlib/2and3" type="simple" />
            <root url="file://$APPLICATION_HOME_DIR$/helpers/typeshed/third_party/3" type="simple" />
            <root url="file://$APPLICATION_HOME_DIR$/helpers/typeshed/third_party/2and3" type="simple" />
          </root>
        </classPath>
        <sourcePath>
          <root type="composite" />
        </sourcePath>
      </roots>
      <additional ASSOCIATED_PROJECT_PATH="$USER_HOME$/coding/python/python3/hello_flask" IS_PIPENV="true" />
    </jdk>
    <jdk version="2">
      <name value="Python 3.7 (bdp_2.0_3.7.0)" />
      <type value="Python SDK" />
      <version value="Python 3.7.0" />
      <homePath value="$USER_HOME$/.pyenv/versions/bdp_2.0_3.7.0/bin/python" />
      <roots>
        <classPath>
          <root type="composite">
            <root url="file://$USER_HOME$/.pyenv/versions/3.7.0/lib/python3.7" type="simple" />
            <root url="file://$USER_HOME$/.pyenv/versions/3.7.0/lib/python3.7/lib-dynload" type="simple" />
            <root url="file://$USER_HOME$/.pyenv/versions/bdp_2.0_3.7.0/lib/python3.7/site-packages" type="simple" />
            <root url="file://$USER_HOME$/Library/Caches/PyCharmCE2019.1/python_stubs/-1102602622" type="simple" />
            <root url="file://$APPLICATION_HOME_DIR$/helpers/python-skeletons" type="simple" />
            <root url="file://$APPLICATION_HOME_DIR$/helpers/typeshed/stdlib/3" type="simple" />
            <root url="file://$APPLICATION_HOME_DIR$/helpers/typeshed/stdlib/2and3" type="simple" />
            <root url="file://$APPLICATION_HOME_DIR$/helpers/typeshed/third_party/3" type="simple" />
            <root url="file://$APPLICATION_HOME_DIR$/helpers/typeshed/third_party/2and3" type="simple" />
          </root>
        </classPath>
        <sourcePath>
          <root type="composite" />
        </sourcePath>
      </roots>
      <additional ASSOCIATED_PROJECT_PATH="$USER_HOME$/coding/gitlab/b2c-bdp-service" />
    </jdk>
    <jdk version="2">
      <name value="Python 3.7 (bdp_2.0_3.7.0) (2)" />
      <type value="Python SDK" />
      <version value="Python 3.7.0" />
      <homePath value="$USER_HOME$/.pyenv/versions/bdp_2.0_3.7.0/bin/python" />
      <roots>
        <classPath>
          <root type="composite">
            <root url="file://$USER_HOME$/.pyenv/versions/3.7.0/lib/python3.7" type="simple" />
            <root url="file://$USER_HOME$/.pyenv/versions/3.7.0/lib/python3.7/lib-dynload" type="simple" />
            <root url="file://$USER_HOME$/.pyenv/versions/bdp_2.0_3.7.0/lib/python3.7/site-packages" type="simple" />
            <root url="file://$USER_HOME$/Library/Caches/PyCharmCE2019.1/python_stubs/-1102602622" type="simple" />
            <root url="file://$APPLICATION_HOME_DIR$/helpers/python-skeletons" type="simple" />
            <root url="file://$APPLICATION_HOME_DIR$/helpers/typeshed/stdlib/3" type="simple" />
            <root url="file://$APPLICATION_HOME_DIR$/helpers/typeshed/stdlib/2and3" type="simple" />
            <root url="file://$APPLICATION_HOME_DIR$/helpers/typeshed/third_party/3" type="simple" />
            <root url="file://$APPLICATION_HOME_DIR$/helpers/typeshed/third_party/2and3" type="simple" />
          </root>
        </classPath>
        <sourcePath>
          <root type="composite" />
        </sourcePath>
      </roots>
      <additional ASSOCIATED_PROJECT_PATH="$USER_HOME$/coding/gitlab/temp/b2c-bdp-service" />
    </jdk>
    <jdk version="2">
      <name value="Pipenv (ginger) (2)" />
      <type value="Python SDK" />
      <version value="Python 3.7.0" />
      <homePath value="$USER_HOME$/.local/share/virtualenvs/ginger-umhUrhcT/bin/python" />
      <roots>
        <classPath>
          <root type="composite">
            <root url="file://$USER_HOME$/.local/share/virtualenvs/ginger-umhUrhcT/lib/python3.7" type="simple" />
            <root url="file://$USER_HOME$/.local/share/virtualenvs/ginger-umhUrhcT/lib/python3.7/lib-dynload" type="simple" />
            <root url="file://$USER_HOME$/.pyenv/versions/3.7.0/lib/python3.7" type="simple" />
            <root url="file://$USER_HOME$/.local/share/virtualenvs/ginger-umhUrhcT/lib/python3.7/site-packages" type="simple" />
            <root url="file://$USER_HOME$/Library/Caches/PyCharmCE2019.1/python_stubs/2087570060" type="simple" />
            <root url="file://$APPLICATION_HOME_DIR$/helpers/python-skeletons" type="simple" />
            <root url="file://$APPLICATION_HOME_DIR$/helpers/typeshed/stdlib/3" type="simple" />
            <root url="file://$APPLICATION_HOME_DIR$/helpers/typeshed/stdlib/2and3" type="simple" />
            <root url="file://$APPLICATION_HOME_DIR$/helpers/typeshed/third_party/3" type="simple" />
            <root url="file://$APPLICATION_HOME_DIR$/helpers/typeshed/third_party/2and3" type="simple" />
          </root>
        </classPath>
        <sourcePath>
          <root type="composite" />
        </sourcePath>
      </roots>
      <additional ASSOCIATED_PROJECT_PATH="$USER_HOME$/test_purpose/ginger" IS_PIPENV="true" />
    </jdk>
  </component>
</application>